titulo,link,date
Apartamento 03 quartos ,https://mg.olx.com.br/belo-horizonte-e-regiao/imoveis/apartamento-03-quartos-1215942724,2023-08-04 11:28:54.388354
Apto ,https://mg.olx.com.br/belo-horizonte-e-regiao/imoveis/apartamento-03-quartos-1215942724,2023-08-04 11:28:54.388354
"Apartamento à venda - Barreiro, 2 quartos - Belo Horizonte",https://mg.olx.com.br/belo-horizonte-e-regiao/imoveis/apto-1199275155,2023-08-04 11:28:54.388354
"Apartamento à Venda - Palmares, 3 Quartos,  85 m2",https://mg.olx.com.br/belo-horizonte-e-regiao/imoveis/apto-1199275155,2023-08-04 11:28:54.388354
"Apartamento 02 quartos, 01 vaga à venda no Bairro Araguaia/BH",https://mg.olx.com.br/belo-horizonte-e-regiao/imoveis/apartamento-a-venda-barreiro-2-quartos-belo-horizonte-1218342878,2023-08-04 11:28:54.388354
Apartamento 02 quartos à venda no bairro Solar do Barreiro/BH,https://mg.olx.com.br/belo-horizonte-e-regiao/imoveis/apartamento-a-venda-barreiro-2-quartos-belo-horizonte-1218342878,2023-08-04 11:28:54.388354
Apartamento 03 quartos suite 02 vagas a venda no Bairro Tirol.,https://mg.olx.com.br/belo-horizonte-e-regiao/imoveis/apartamento-a-venda-palmares-3-quartos-85-m2-1218332140,2023-08-04 11:28:54.388354
Apartamento semi novo perto do Minas Casa,https://mg.olx.com.br/belo-horizonte-e-regiao/imoveis/apartamento-a-venda-palmares-3-quartos-85-m2-1218332140,2023-08-04 11:28:54.388354
Cobertura para Venda no Bairro Nova Cachoeirinha,https://mg.olx.com.br/belo-horizonte-e-regiao/imoveis/apartamento-02-quartos-01-vaga-a-venda-no-bairro-araguaia-bh-1218321527,2023-08-04 11:28:54.388354
BELO HORIZONTE - Apartamento Padrão - Teixeira Dias,https://mg.olx.com.br/belo-horizonte-e-regiao/imoveis/apartamento-02-quartos-01-vaga-a-venda-no-bairro-araguaia-bh-1218321527,2023-08-04 11:28:54.388354
BELO HORIZONTE - Apartamento Padrão - Pongelupe,https://mg.olx.com.br/belo-horizonte-e-regiao/imoveis/apartamento-02-quartos-a-venda-no-bairro-solar-do-barreiro-bh-1218320003,2023-08-04 11:28:54.388354
BELO HORIZONTE - Apartamento Padrão - Teixeira Dias,https://mg.olx.com.br/belo-horizonte-e-regiao/imoveis/apartamento-02-quartos-a-venda-no-bairro-solar-do-barreiro-bh-1218320003,2023-08-04 11:28:54.388354
Apartamento de 2 quartos à venda Bonsucesso- BH-MG,https://mg.olx.com.br/belo-horizonte-e-regiao/imoveis/apartamento-03-quartos-suite-02-vagas-a-venda-no-bairro-tirol-1218319935,2023-08-04 11:28:54.388354
Apartamento com 2 dormitórios à venda em Belo Horizonte,https://mg.olx.com.br/belo-horizonte-e-regiao/imoveis/apartamento-03-quartos-suite-02-vagas-a-venda-no-bairro-tirol-1218319935,2023-08-04 11:28:54.388354
Apartamento com 2 dormitórios à venda em Belo Horizonte,https://mg.olx.com.br/belo-horizonte-e-regiao/imoveis/apartamento-semi-novo-perto-do-minas-casa-1218316432,2023-08-04 11:28:54.388354
Apartamento com 2 dormitórios à venda em Belo Horizonte,https://mg.olx.com.br/belo-horizonte-e-regiao/imoveis/apartamento-semi-novo-perto-do-minas-casa-1218316432,2023-08-04 11:28:54.388354
APARTAMENTO 03 QTOS 01 SUÍTE 01 VG NO BAIRRO SANTA HELENA (BARREIRO) EM BELO HORIZONTE,https://mg.olx.com.br/belo-horizonte-e-regiao/imoveis/cobertura-para-venda-no-bairro-nova-cachoeirinha-1218315987,2023-08-04 11:28:54.388354
APARTAMENTO 03 QTOS 01 SUÍTE 01 VG NO BAIRRO SANTA HELENA (BARREIRO) EM BELO HORIZONTE,https://mg.olx.com.br/belo-horizonte-e-regiao/imoveis/cobertura-para-venda-no-bairro-nova-cachoeirinha-1218315987,2023-08-04 11:28:54.388354
Apartamento 3 Qts no Cardoso-Barreiro,https://mg.olx.com.br/belo-horizonte-e-regiao/imoveis/belo-horizonte-apartamento-padrao-teixeira-dias-1218303580,2023-08-04 11:28:54.388354
APARTAMENTO 03 QTOS 01 SUÍTE 01 VG NO BAIRRO SANTA HELENA (BARREIRO) EM BELO HORIZONTE,https://mg.olx.com.br/belo-horizonte-e-regiao/imoveis/belo-horizonte-apartamento-padrao-teixeira-dias-1218303580,2023-08-04 11:28:54.388867
APARTAMENTO 03 QTOS 01 SUÍTE 01 VG NO BAIRRO SANTA HELENA (BARREIRO) EM BELO HORIZONTE,https://mg.olx.com.br/belo-horizonte-e-regiao/imoveis/belo-horizonte-apartamento-padrao-pongelupe-1218303585,2023-08-04 11:28:54.388867
ÁREA PRIVATIVA 03 QTOS 01 SUÍTE 02 VGS NO BAIRRO SANTA HELENA (BARREIRO) EM BELO HORIZONTE,https://mg.olx.com.br/belo-horizonte-e-regiao/imoveis/belo-horizonte-apartamento-padrao-pongelupe-1218303585,2023-08-04 11:28:54.388867
"Apartamento à venda - Diamante, 3 quartos - Belo Horizonte",https://mg.olx.com.br/belo-horizonte-e-regiao/imoveis/belo-horizonte-apartamento-padrao-teixeira-dias-1218303405,2023-08-04 11:28:54.388867
"Apartamento à venda no Barreiro (Vale do Jatobá), armários, vaga demarcada, apenas 2 torre",https://mg.olx.com.br/belo-horizonte-e-regiao/imoveis/belo-horizonte-apartamento-padrao-teixeira-dias-1218303405,2023-08-04 11:28:54.388867
"Apartamento à Venda - Diamante, 2 Quartos,  45 m2",https://mg.olx.com.br/belo-horizonte-e-regiao/imoveis/apartamento-de-2-quartos-a-venda-bonsucesso-bh-mg-1218259597,2023-08-04 11:28:54.388867
BELO HORIZONTE - Apartamento Padrão - Solar Do Barreiro,https://mg.olx.com.br/belo-horizonte-e-regiao/imoveis/apartamento-de-2-quartos-a-venda-bonsucesso-bh-mg-1218259597,2023-08-04 11:28:54.388867
"Apartamento à venda, Bonsucesso, BELO HORIZONTE - MG",https://mg.olx.com.br/belo-horizonte-e-regiao/imoveis/apartamento-com-2-dormitorios-a-venda-em-belo-horizonte-1218178403,2023-08-04 11:28:54.388867
Apartamento em  Rua Dom Joaquim - Araguaia - Belo Horizonte/MG,https://mg.olx.com.br/belo-horizonte-e-regiao/imoveis/apartamento-com-2-dormitorios-a-venda-em-belo-horizonte-1218178403,2023-08-04 11:28:54.388867
Apartamento com 2 dormitórios à venda em Belo Horizonte,https://mg.olx.com.br/belo-horizonte-e-regiao/imoveis/apartamento-com-2-dormitorios-a-venda-em-belo-horizonte-1218178374,2023-08-04 11:28:54.388867
ÁREA PRIVATIVA 03 QTOS 01 SUÍTE 01 VG NO BAIRRO SANTA HELENA NO BARREIRO BELO HORIZONTE,https://mg.olx.com.br/belo-horizonte-e-regiao/imoveis/apartamento-com-2-dormitorios-a-venda-em-belo-horizonte-1218178374,2023-08-04 11:28:54.388867
Apartamento em  Rua José Cleto - Santa Cruz - Belo Horizonte/MG,https://mg.olx.com.br/belo-horizonte-e-regiao/imoveis/apartamento-com-2-dormitorios-a-venda-em-belo-horizonte-1218178322,2023-08-04 11:28:54.388867
apartatamento de cobertura a venda no bairro barreiro de cima ,https://mg.olx.com.br/belo-horizonte-e-regiao/imoveis/apartamento-com-2-dormitorios-a-venda-em-belo-horizonte-1218178322,2023-08-04 11:28:54.388867
apartamento de 2 quartos com área privativa no barreiro de cima ,https://mg.olx.com.br/belo-horizonte-e-regiao/imoveis/apartamento-03-qtos-01-suite-01-vg-no-bairro-santa-helena-barreiro-em-belo-horizonte-1218141334,2023-08-04 11:28:54.388867
"Apartamento padrão quitado, leia o anúncio ",https://mg.olx.com.br/belo-horizonte-e-regiao/imoveis/apartamento-03-qtos-01-suite-01-vg-no-bairro-santa-helena-barreiro-em-belo-horizonte-1218141334,2023-08-04 11:28:54.388867
"Lindo Apto 02 Dts, 01 vaga, Vale do Jatobá !!",https://mg.olx.com.br/belo-horizonte-e-regiao/imoveis/apartamento-03-qtos-01-suite-01-vg-no-bairro-santa-helena-barreiro-em-belo-horizonte-1218116944,2023-08-04 11:28:54.388867
Apartamento à venda no bairro Tirol (Barreiro) - Belo Horizonte/MG,https://mg.olx.com.br/belo-horizonte-e-regiao/imoveis/apartamento-03-qtos-01-suite-01-vg-no-bairro-santa-helena-barreiro-em-belo-horizonte-1218116944,2023-08-04 11:28:54.388867
Apartamento à venda no bairro Cardoso (Barreiro) - Belo Horizonte/MG,https://mg.olx.com.br/belo-horizonte-e-regiao/imoveis/apartamento-3-qts-no-cardoso-barreiro-1218104883,2023-08-04 11:28:54.388867
LATOUR RESIDENCE - O melhor empreendimento da região- Via do Minério - Diamante,https://mg.olx.com.br/belo-horizonte-e-regiao/imoveis/apartamento-3-qts-no-cardoso-barreiro-1218104883,2023-08-04 11:28:54.388867
Apartamento com 2 dormitórios à venda em Belo Horizonte,https://mg.olx.com.br/belo-horizonte-e-regiao/imoveis/apartamento-03-qtos-01-suite-01-vg-no-bairro-santa-helena-barreiro-em-belo-horizonte-1218099815,2023-08-04 11:28:54.388867
Apartamento com 2 dormitórios à venda em Belo Horizonte,https://mg.olx.com.br/belo-horizonte-e-regiao/imoveis/apartamento-03-qtos-01-suite-01-vg-no-bairro-santa-helena-barreiro-em-belo-horizonte-1218099815,2023-08-04 11:28:54.388867
Apartamento com 2 dormitórios à venda em Belo Horizonte,https://mg.olx.com.br/belo-horizonte-e-regiao/imoveis/apartamento-03-qtos-01-suite-01-vg-no-bairro-santa-helena-barreiro-em-belo-horizonte-1218089826,2023-08-04 11:28:54.388867
LATOUR RESIDENCE - O melhor empreendimento da região- Via do Minério - Diamante,https://mg.olx.com.br/belo-horizonte-e-regiao/imoveis/apartamento-03-qtos-01-suite-01-vg-no-bairro-santa-helena-barreiro-em-belo-horizonte-1218089826,2023-08-04 11:28:54.388867
LATOUR RESIDENCE - O melhor empreendimento da região- Via do Minério - Diamante,https://mg.olx.com.br/belo-horizonte-e-regiao/imoveis/area-privativa-03-qtos-01-suite-02-vgs-no-bairro-santa-helena-barreiro-em-belo-horizonte-1218082447,2023-08-04 11:28:54.388867
BELO HORIZONTE - Apartamento Padrão - Barreiro,https://mg.olx.com.br/belo-horizonte-e-regiao/imoveis/area-privativa-03-qtos-01-suite-02-vgs-no-bairro-santa-helena-barreiro-em-belo-horizonte-1218082447,2023-08-04 11:28:54.388867
Belo Horizonte - Apartamento Padrão - Flavio Marques Lisboa (Barreiro),https://mg.olx.com.br/belo-horizonte-e-regiao/imoveis/apartamento-a-venda-diamante-3-quartos-belo-horizonte-1217907480,2023-08-04 11:28:54.388867
BELO HORIZONTE - Apartamento Padrão - Solar Do Barreiro (Barreiro),https://mg.olx.com.br/belo-horizonte-e-regiao/imoveis/apartamento-a-venda-diamante-3-quartos-belo-horizonte-1217907480,2023-08-04 11:28:54.388867
"Apartamento à Venda - Solar do Barreiro, 2 Quartos,  43 m2",https://mg.olx.com.br/belo-horizonte-e-regiao/imoveis/apartamento-a-venda-no-barreiro-vale-do-jatoba-armarios-vaga-demarcada-apenas-2-torre-1217906996,2023-08-04 11:28:54.388867
"Apartamento à Venda - Solar do Barreiro, 2 Quartos,  43 m2",https://mg.olx.com.br/belo-horizonte-e-regiao/imoveis/apartamento-a-venda-no-barreiro-vale-do-jatoba-armarios-vaga-demarcada-apenas-2-torre-1217906996,2023-08-04 11:28:54.388867
"Apartamento à Venda - Solar do Barreiro, 2 Quartos,  43 m2",https://mg.olx.com.br/belo-horizonte-e-regiao/imoveis/apartamento-a-venda-diamante-2-quartos-45-m2-1217882128,2023-08-04 11:28:54.388867
BELO HORIZONTE - Apartamento Padrão - Barreiro,https://mg.olx.com.br/belo-horizonte-e-regiao/imoveis/apartamento-a-venda-diamante-2-quartos-45-m2-1217882128,2023-08-04 11:28:54.388867
Apartamento em  Rua Amílcar Cabral - Milionários (Barreiro) - Belo Horizonte/MG,https://mg.olx.com.br/belo-horizonte-e-regiao/imoveis/apartamento-em-rua-amilcar-cabral-milionarios-barreiro-belo-horizonte-mg-1217264362,2023-08-04 11:28:59.286963
Cobertura no melhor do barreiro,https://mg.olx.com.br/belo-horizonte-e-regiao/imoveis/apartamento-em-rua-amilcar-cabral-milionarios-barreiro-belo-horizonte-mg-1217264362,2023-08-04 11:28:59.286963
Apartamento muito bom ,https://mg.olx.com.br/belo-horizonte-e-regiao/imoveis/cobertura-no-melhor-do-barreiro-1217231611,2023-08-04 11:28:59.286963
"Apartamento à Venda - Solar do Barreiro, 2 Quartos,  43 m2",https://mg.olx.com.br/belo-horizonte-e-regiao/imoveis/cobertura-no-melhor-do-barreiro-1217231611,2023-08-04 11:28:59.286963
"Apartamento à Venda - Solar do Barreiro, 2 Quartos,  43 m2",https://mg.olx.com.br/belo-horizonte-e-regiao/imoveis/apartamento-muito-bom-1217224314,2023-08-04 11:28:59.286963
"Apartamento à Venda - Solar do Barreiro, 2 Quartos,  43 m2",https://mg.olx.com.br/belo-horizonte-e-regiao/imoveis/apartamento-muito-bom-1217224314,2023-08-04 11:28:59.286963
"Apartamento à Venda - Solar do Barreiro, 2 Quartos,  43 m2",https://mg.olx.com.br/belo-horizonte-e-regiao/imoveis/apartamento-a-venda-solar-do-barreiro-2-quartos-43-m2-1217181101,2023-08-04 11:28:59.286963
BELO HORIZONTE - Apartamento Padrão - Santa Cruz,https://mg.olx.com.br/belo-horizonte-e-regiao/imoveis/apartamento-a-venda-solar-do-barreiro-2-quartos-43-m2-1217181101,2023-08-04 11:28:59.286963
"Cobertura à venda - Barreiro, 3 quartos - Belo Horizonte",https://mg.olx.com.br/belo-horizonte-e-regiao/imoveis/apartamento-a-venda-solar-do-barreiro-2-quartos-43-m2-1217150570,2023-08-04 11:28:59.286963
Apartamento em  Rua Amílcar Cabral - Milionários (Barreiro) - Belo Horizonte/MG,https://mg.olx.com.br/belo-horizonte-e-regiao/imoveis/apartamento-a-venda-solar-do-barreiro-2-quartos-43-m2-1217150570,2023-08-04 11:28:59.286963
"Excelente Apartamento de dois quartos, com área privativa no Cardoso.",https://mg.olx.com.br/belo-horizonte-e-regiao/imoveis/apartamento-a-venda-solar-do-barreiro-2-quartos-43-m2-1217141595,2023-08-04 11:28:59.286963
"Área privativa à venda, 3 quartos, 1 suíte, 2 vagas, Diamante - Belo Horizonte/MG",https://mg.olx.com.br/belo-horizonte-e-regiao/imoveis/apartamento-a-venda-solar-do-barreiro-2-quartos-43-m2-1217141595,2023-08-04 11:28:59.286963
"Apartamento à venda, 3 quartos, 1 suíte, 1 vaga, Tirol - Belo Horizonte/MG",https://mg.olx.com.br/belo-horizonte-e-regiao/imoveis/apartamento-a-venda-solar-do-barreiro-2-quartos-43-m2-1217138579,2023-08-04 11:28:59.286963
"Apartamento à venda - Barreiro, 3 quartos - Belo Horizonte",https://mg.olx.com.br/belo-horizonte-e-regiao/imoveis/apartamento-a-venda-solar-do-barreiro-2-quartos-43-m2-1217138579,2023-08-04 11:28:59.286963
"Apartamento de TRÊS quartos todo reformado no Flávio de Oliveira, Barreiro.",https://mg.olx.com.br/belo-horizonte-e-regiao/imoveis/belo-horizonte-apartamento-padrao-santa-cruz-1217109912,2023-08-04 11:28:59.286963
"Apartamento à Venda - Teixeira Dias, 2 Quartos,  42 m2",https://mg.olx.com.br/belo-horizonte-e-regiao/imoveis/belo-horizonte-apartamento-padrao-santa-cruz-1217109912,2023-08-04 11:28:59.286963
"Apartamento à Venda - Santa Cruz, 4 Quartos,  200 m2",https://mg.olx.com.br/belo-horizonte-e-regiao/imoveis/cobertura-a-venda-barreiro-3-quartos-belo-horizonte-1217098088,2023-08-04 11:28:59.286963
Área Privativa 02 Quartos,https://mg.olx.com.br/belo-horizonte-e-regiao/imoveis/cobertura-a-venda-barreiro-3-quartos-belo-horizonte-1217098088,2023-08-04 11:28:59.286963
Apartamento 03 Quartos 01 Vaga,https://mg.olx.com.br/belo-horizonte-e-regiao/imoveis/apartamento-em-rua-amilcar-cabral-milionarios-barreiro-belo-horizonte-mg-1217057672,2023-08-04 11:28:59.286963
Apartamento em  Rua Antônio Araújo Penido - Diamante (Barreiro) - Belo Horizonte/MG,https://mg.olx.com.br/belo-horizonte-e-regiao/imoveis/apartamento-em-rua-amilcar-cabral-milionarios-barreiro-belo-horizonte-mg-1217057672,2023-08-04 11:28:59.286963
Apartamento em  Rua Maria Elizabet Pessoa - Diamante (Barreiro) - Belo Horizonte/MG,https://mg.olx.com.br/belo-horizonte-e-regiao/imoveis/excelente-apartamento-de-dois-quartos-com-area-privativa-no-cardoso-1217036616,2023-08-04 11:28:59.286963
BELO HORIZONTE - Apartamento Padrão - Teixeira Dias (Barreiro),https://mg.olx.com.br/belo-horizonte-e-regiao/imoveis/excelente-apartamento-de-dois-quartos-com-area-privativa-no-cardoso-1217036616,2023-08-04 11:28:59.286963
Apartamento em  Rua Intersindical - Flávio de Oliveira (Barreiro) - Belo Horizonte/MG,https://mg.olx.com.br/belo-horizonte-e-regiao/imoveis/area-privativa-a-venda-3-quartos-1-suite-2-vagas-diamante-belo-horizonte-mg-1217017468,2023-08-04 11:28:59.286963
BELO HORIZONTE - Apartamento Padrão - Teixeira Dias (Barreiro),https://mg.olx.com.br/belo-horizonte-e-regiao/imoveis/area-privativa-a-venda-3-quartos-1-suite-2-vagas-diamante-belo-horizonte-mg-1217017468,2023-08-04 11:28:59.286963
BELO HORIZONTE - Apartamento Padrão - Brasil Industrial (Barreiro),https://mg.olx.com.br/belo-horizonte-e-regiao/imoveis/apartamento-a-venda-3-quartos-1-suite-1-vaga-tirol-belo-horizonte-mg-1217007449,2023-08-04 11:28:59.286963
BELO HORIZONTE - Apartamento Padrão - Teixeira Dias (Barreiro),https://mg.olx.com.br/belo-horizonte-e-regiao/imoveis/apartamento-a-venda-3-quartos-1-suite-1-vaga-tirol-belo-horizonte-mg-1217007449,2023-08-04 11:28:59.286963
BELO HORIZONTE - Apartamento Padrão - Brasil Industrial (Barreiro),https://mg.olx.com.br/belo-horizonte-e-regiao/imoveis/apartamento-a-venda-barreiro-3-quartos-belo-horizonte-1216992378,2023-08-04 11:28:59.286963
Apartamento em  Rua Bruno Felipe Ferreira - Solar do Barreiro (Barreiro) - Belo Horizonte/,https://mg.olx.com.br/belo-horizonte-e-regiao/imoveis/apartamento-a-venda-barreiro-3-quartos-belo-horizonte-1216992378,2023-08-04 11:28:59.286963
Apartamento em  Rua Joaquim Anacleto da Conceição - Teixeira Dias (Barreiro) - Belo Horizo,https://mg.olx.com.br/belo-horizonte-e-regiao/imoveis/apartamento-de-tres-quartos-todo-reformado-no-flavio-de-oliveira-barreiro-1216984122,2023-08-04 11:28:59.286963
Apartamento em  Rua Aurélio Lopes - Diamante (Barreiro) - Belo Horizonte/MG,https://mg.olx.com.br/belo-horizonte-e-regiao/imoveis/apartamento-de-tres-quartos-todo-reformado-no-flavio-de-oliveira-barreiro-1216984122,2023-08-04 11:28:59.286963
Cobertura em  Rua São Paulo da Cruz - Barreiro - Belo Horizonte/MG,https://mg.olx.com.br/belo-horizonte-e-regiao/imoveis/apartamento-a-venda-teixeira-dias-2-quartos-42-m2-1216980151,2023-08-04 11:28:59.286963
Apartamento em  Rua A - Bonsucesso (Barreiro) - Belo Horizonte/MG,https://mg.olx.com.br/belo-horizonte-e-regiao/imoveis/apartamento-a-venda-teixeira-dias-2-quartos-42-m2-1216980151,2023-08-04 11:28:59.286963
Apartamento em  Rua Outeiro - Jatobá (Barreiro) - Belo Horizonte/MG,https://mg.olx.com.br/belo-horizonte-e-regiao/imoveis/apartamento-a-venda-santa-cruz-4-quartos-200-m2-1216975263,2023-08-04 11:28:59.286963
Cobertura em  Rua Osvaldo Lima e Silva - Cardoso (Barreiro) - Belo Horizonte/MG,https://mg.olx.com.br/belo-horizonte-e-regiao/imoveis/apartamento-a-venda-santa-cruz-4-quartos-200-m2-1216975263,2023-08-04 11:28:59.286963
Apartamento em  Rua Paramirim - Milionários (Barreiro) - Belo Horizonte/MG,https://mg.olx.com.br/belo-horizonte-e-regiao/imoveis/area-privativa-02-quartos-1216974677,2023-08-04 11:28:59.286963
BELO HORIZONTE - Apartamento Padrão - Cardoso (Barreiro),https://mg.olx.com.br/belo-horizonte-e-regiao/imoveis/area-privativa-02-quartos-1216974677,2023-08-04 11:28:59.286963
Apartamento em  Rua Maria Elizabet Pessoa - Diamante (Barreiro) - Belo Horizonte/MG,https://mg.olx.com.br/belo-horizonte-e-regiao/imoveis/apartamento-03-quartos-01-vaga-1216974647,2023-08-04 11:28:59.286963
Apartamento em  Rua São Paulo da Cruz - Barreiro - Belo Horizonte/MG,https://mg.olx.com.br/belo-horizonte-e-regiao/imoveis/apartamento-03-quartos-01-vaga-1216974647,2023-08-04 11:28:59.286963
Apartamento em  Rua São Paulo da Cruz - Barreiro - Belo Horizonte/MG,https://mg.olx.com.br/belo-horizonte-e-regiao/imoveis/apartamento-em-rua-antonio-araujo-penido-diamante-barreiro-belo-horizonte-mg-1216970803,2023-08-04 11:28:59.286963
Apartamento em  Rua Amílcar Cabral - Milionários (Barreiro) - Belo Horizonte/MG,https://mg.olx.com.br/belo-horizonte-e-regiao/imoveis/apartamento-em-rua-antonio-araujo-penido-diamante-barreiro-belo-horizonte-mg-1216970803,2023-08-04 11:28:59.286963
Apartamento em  Rua Madre Paulina - Diamante (Barreiro) - Belo Horizonte/MG,https://mg.olx.com.br/belo-horizonte-e-regiao/imoveis/apartamento-em-rua-maria-elizabet-pessoa-diamante-barreiro-belo-horizonte-mg-1216970383,2023-08-04 11:28:59.286963
Apartamento em  Rua Solidariedade - Flávio de Oliveira (Barreiro) - Belo Horizonte/MG,https://mg.olx.com.br/belo-horizonte-e-regiao/imoveis/apartamento-em-rua-maria-elizabet-pessoa-diamante-barreiro-belo-horizonte-mg-1216970383,2023-08-04 11:28:59.286963
Apartamento em  Rua Luiz Pongelupe - Cardoso (Barreiro) - Belo Horizonte/MG,https://mg.olx.com.br/belo-horizonte-e-regiao/imoveis/belo-horizonte-apartamento-padrao-teixeira-dias-barreiro-1216969905,2023-08-04 11:28:59.286963
Apartamento em  Rua Augusto Muniz - Cardoso (Barreiro) - Belo Horizonte/MG,https://mg.olx.com.br/belo-horizonte-e-regiao/imoveis/belo-horizonte-apartamento-padrao-teixeira-dias-barreiro-1216969905,2023-08-04 11:28:59.286963
Apartamento em  Rua Osvaldo Lima e Silva - Cardoso (Barreiro) - Belo Horizonte/MG,https://mg.olx.com.br/belo-horizonte-e-regiao/imoveis/apartamento-em-rua-intersindical-flavio-de-oliveira-barreiro-belo-horizonte-mg-1216968964,2023-08-04 11:28:59.286963
Apartamento em  Rua Osvaldo Lima e Silva - Cardoso (Barreiro) - Belo Horizonte/MG,https://mg.olx.com.br/belo-horizonte-e-regiao/imoveis/apartamento-em-rua-intersindical-flavio-de-oliveira-barreiro-belo-horizonte-mg-1216968964,2023-08-04 11:28:59.286963
Apartamento em  Rua Attílio de Moro - Diamante (Barreiro) - Belo Horizonte/MG,https://mg.olx.com.br/belo-horizonte-e-regiao/imoveis/belo-horizonte-apartamento-padrao-teixeira-dias-barreiro-1216967694,2023-08-04 11:28:59.286963
Apartamento em  Rua Ana Hilbert - Santa Helena (Barreiro) - Belo Horizonte/MG,https://mg.olx.com.br/belo-horizonte-e-regiao/imoveis/belo-horizonte-apartamento-padrao-teixeira-dias-barreiro-1216967694,2023-08-04 11:28:59.286963
Apartamento em  Rua Nascimento - Araguaia - Belo Horizonte/MG,https://mg.olx.com.br/belo-horizonte-e-regiao/imoveis/belo-horizonte-apartamento-padrao-brasil-industrial-barreiro-1216966054,2023-08-04 11:28:59.286963
Apartamento em  Rua Nascimento - Araguaia - Belo Horizonte/MG,https://mg.olx.com.br/belo-horizonte-e-regiao/imoveis/belo-horizonte-apartamento-padrao-brasil-industrial-barreiro-1216966054,2023-08-04 11:28:59.286963
